{
    "name": "APEX Advent Calendar",
    "version": "1.3.1",
    "description": "This Advent Calendar is just a funny thing that you can use to suprise your users on Christmas.",
    "keywords": [
    "oracle",
    "apex",
    "plugin",
    "region"
  ],
    "homepage": "https://github.com/RonnyWeiss/APEX-Advent-Calendar",
    "bugs": {
        "url": "https://github.com/RonnyWeiss/APEX-Advent-Calendar/issues",
        "email": "wronny@gmx.de"
    },
    "license": "MIT",
    "author": {
        "name": "Ronny Weiß",
        "email": "wronny@gmx.de",
        "twitter": "ronny_weiss_",
        "donationUrl": "https://www.paypal.me/RonnyW1"
    },
    "repository": {
        "type": "git",
        "url": "https://github.com/RonnyWeiss/APEX-Advent-Calendar.git"
    },
    "oracle": {
        "versions": ["12.1.0.1", "12.2.0.1", "18.4.0.0", "19.0.0.0.0"],
        "apex": {
            "versions": ["5.1.3", "18.1.0.00.45", "18.2.0.00.12", "19.1.0.00.15", "19.2.0.00.18"],
            "plugin": {
                "internalName": "APEX.ADVENT.CALENDAR",
                "type": "region",
                "demo": "https://apex.oracle.com/pls/apex/f?p=103428",
                "previewImage": "https://raw.githubusercontent.com/RonnyWeiss/APEX-Advent-Calendar/master/screenshot.gif"
            }
        }
    }
}
